Model,MAE,MSE,RMSE,R2
GBMReg,2.7725405734538993,10.275986108675953,3.2056178981088737,0.009682118365882508
CatBoostReg,2.774567287629309,10.303430116002618,3.209895655002296,0.007037283027272356
XGBReg,2.8843836784362793,11.136548042297363,3.3371466917559025,-0.0732519536456071
LGBMReg,2.9017388539525277,11.292499659617969,3.3604314692637267,-0.08828137981083706
DecisionTreeReg,2.9032082539622492,11.307313241610354,3.3626348659362875,-0.08970899512512043
RandomForestReg,2.9039938738413587,11.323065686647942,3.3649763277990443,-0.09122709059889811
