,precision,recall,f1-score,support
KIRC,1.0,1.0,1.0,105.0
LUAD,0.9158878504672897,0.9607843137254902,0.937799043062201,102.0
LUSC,0.9578947368421052,0.91,0.9333333333333333,100.0
PRAD,1.0,1.0,1.0,99.0
THCA,1.0,1.0,1.0,100.0
accuracy,0.974308300395257,0.974308300395257,0.974308300395257,0.974308300395257
macro avg,0.9747565174618789,0.974156862745098,0.9742264752791069,506.0
weighted avg,0.9747233882052847,0.974308300395257,0.9742862366120114,506.0
