Model,Test_Accuracy,Test_F1_Macro
RandomForest,0.974308300395257,0.9742264752791069
LightGBM,0.9723320158102767,0.9723855025580823
XGBoost,0.9703557312252964,0.9704088944363545
GBM,0.9604743083003953,0.9605521056192211
DecisionTree,0.9308300395256917,0.9308060957945242
CatBoost,0.2075098814229249,0.06873977086743044
