Rank,Feature,Absolute_SHAP
1,num__BCL2L1,0.08147662202594802
2,num__EEF2,0.0720847903075628
3,num__IKZF1,0.06301426716148853
4,num__BEX3,0.06238476039143279
5,num__BID,0.05523544921656139
6,num__CARM1,0.038348739743232725
7,num__ITGA3,0.036347658801823855
8,num__IL12RB1,0.03466296155005694
9,num__GSTM1,0.03365585561143234
10,num__HDAC11,0.027905808582436294
